"Ред.бр","Уп.Бр","Вид на лиценца","Назив на правното лице и седиште / датум на важност на лиценцата","Назив на угостителски објект","Адреса на седиште на угпстителскипт објект","година"
"1","УП1 13-2
05.01.2017","кабаре","ДТУ ВЕНЕ КЛУ ДООЕЛ ШТИП со седиште на ул.Битолска бр.Штип  Лиценцата
е издадена на 16.02.2017 год со УП 13-3","АНДЕРГРАУНД","Ул.Генерал Михајло Апостолски бб Штип","2017"
"2","УП1 13-3
09.01.2017","кабаре","ДТУ ЛЕ КЛУБ 43 ДООЕЛ Скопје со седиште на ул.Андон Дуков бр.43
Скопје.Лиценцата е издаена на 16.01.2017 год со УП13-3","ЛЕ КЛУБ 43","Ул. Андон Дуков бр.43 Скопје","2017"
"3","ФП1 13-4
09.01.2017","Диско клуб","ДОСИ СКОПСКИ САЕМ ДОО СКОПЈЕ со седиште на ул.Беласица бр.2 Гази
Баба Скопје . Лиценцата е издадена на 15.02.2017 со ФП1 13-4","МЕТРОПОЛИС АРЕНА","Фл.Беласица бр.Скопје","2017"
"4","УП1 13-5
12.01.2017","кабаре","ДТУ ДАЈМОНД ЕКСКЛУЗИВ ДООЕЛ Рдовиш со седиште на ул.Свети Спасо
Радовишки бр.1 Радовиш. Лиценцата е издадена на 15.02.2017 година со","ДАЈМОНД","ул.Свети Спасо Радовишки бр.1 Радовиш","2017"
"5","УП113-6
13.01.2017","кабаре","ДТУ МБМК2 ГРОУП ДОО Скопје со седиште на ул.Булевар Св.Климент
Охридски бр.60А Скопје.Лиценцата е издадена на 14.02.2017","ЕПИЦЕНТАР","ул.Булевар Св.Климент Охридски бр.60А Скопје","2017"
"6","УП1 13-28
24.01.2017","кабаре","ДУТУ ЧЕЗ И БЛУЗ КАБАРЕ ДАК ДООЕЛ Охрид со седиште на ул.Кеј
Македонија бр.1 Охрид.Лиценцата е издадена на 15.02.2017 година со","ДАК","ул.Кеј Македонија бр.1 Охрид","2017"
"7","УП13-78
07.02.2017","кабаре","ТПУ БЕЛАМИ НОВ Филип и Благоја Соколовски Крушево се седиште на
ул.Благо Целев бр.3 Крушево . Лиценцата е издадена на 28.02.2017 со УП1","БЕЛАМИ","ул.Благо Целев бр.3 Крушево","2017"
"8","УП1 13-120
24.02.2017","кабаре","ДПТУ ПРИМА АЛФА ДООЕЛ Крива Паланка со седиште на ул.Јоаким
Осоговски бр.85 Крива Паланка.Лиценцата е издадена на 07.03.2017 со УП1","ВИП","ул.Јоаким Осоговски бр.85 Крива Паланка","2017"
"9","ФП1 13-126
27.02.2017","Ноќен бар","ДПУФ БРАВО Драго и Миле ДОО Скопје со седиште на ул.Бул.Партизаснки
одреди /к.2 л 7 Скопје .Лиценцата е издадена на 24.04.2017 со ФП1 13-126","БРАВО","ул.Бул.Партизаснки одреди /к.2 л 7 Скопје","2017"
"10","УП1 13-201
30.03.2017","кабаре","ДПТУ ПАБЛИК ПЛЕЈС Куманово со седиште на ул.Иван Милутиновиќ бр.30
Куманово.Лиценцата е издадена на 30.03.2017 со УП1 13-201","ДАРК","ул.Ленинова бр.23 Куманово","2017"
"11","УП1 13- 260
03.05.2017","кабаре","ТДТУУ ОМНИА ЛГББ ДООЕЛ Охрид со седиште на ул.Наум Охридски бр.6
Охрид.Лиценцата е издадена на 15.05.2017 со УП1 13-260","ПАРК","л.Наум Охридски бр.6 Охрид","2017"
"12","УП 13 - 268
04.05.2017","кабаре","ДУПТУ К.КОМПАНИ ДООЕЛ Берово со седиште на ул.Моша Пијаде бр.2
Берово.Лиценцата е издадена на 11.07.2017 со УП 113-268","КАЛИПСО","ул.Моша Пијаде бр.2 Берово","2017"
"13","УП1 13-282
17.05.2017","кабаре","ДУПТУ МОЕ КАБАРЕ ДООЕЛ Скопје со седиште на ул.50-та Дивизија бр.33
Скопје.Лиценцата е издадена на 17.05.2017 со УП1 13-282","ВИОЛИНА","ул.50-та Дивизија бр.33 Скопје","2017"
"14","УП1 13-300
22.05.2017","кабаре","ТДПТГТУУ Б Б ДООЕЛ Охрид со седиште на ул.Абас Емин бб Охрид
Лиценцата е издадена на 23.05.2017 со УП1 13-300","БЕКО","ул.Абас Емин бб Охрид","2017"
"15","ФП1 13-302
23.05.2017","дискоклуб на отворен
простор","ДПУФ ДАБАИ ДООЕЛ Радовиш со седиште на ул.Самоилова бб
Радовиш.Лиценцата е издадена на 26.05.2017 со ФП1 13-302","ФУЛЛХАУСЕ","Фл.Свети Спасо Радовишки бр.26 Радовиш","2017"
"16","УП1 13-321
14.06.2017","кабаре","ДПТУ Талавески Илија Мирко и др.SИУ увоз-извоз ДОО Битола Ул.Иво Лола
Рибар бб / Олимписка Базен -Битола УП1 13-321 22.06.2017","ИМПЕРАТОР","Ул.Иво Лола Рибап бб / Олимписки Базен -
БИТОЛА","2017"
"17","ФП1 13-331
20.06.2017","дискоклуб на отворен
простор","ДПУФ ГРАФИУИ ПЛФС ДООЕЛ увоз-извоз Битила Фл.Широк Сокак бр.162-
Битола ФП1 13-331 22.06.2017","ПОЗИТИВ","Фл.Комплекс Олимписки базен - Битола","2017"
"18","ФП1 13-343
28.06.2017","дискоклуб на отворен
простор","ДПУФ МЕСМОН ДООЕЛ Кочани Фл.Лазар Анданов бр.71 - Кочани ФП1 13-343
12.07.2017","АКВА ПАРК","Фл.Крижевска БР.26 Кочани","2017"
"19","УП1 13-358
07.07.2017","кабаре","ДУУ НОКТУРНО - ИМПАКТ ДООЕЛ увоз-извоз Велес Ул. Алексо Демниевски-
Бауман бр.10 Велес УП1 13-358 20.07.2017","КЛУБ 54","Ул.Алексо Демниевски - Бауман бр.10 Велес","2017"
"20","ФП1 13-378
12.07.2017","дискоклуб на отворен
простор","ДПУФ ДАНИНЕУ ДООЕЛ експорт-импорт ДООЕЛ Куманово ФП1 13-378
Фл.Октомврски Револуција бр.43-13 Куманово ФП1 13-378","СПЕЈС","Фл.602 БР.2, Провеце - Куманово","2017"
"21","УП1 13-384
14.07.2017","кабаре","ГДТ ИЗГРАДБА увоз-извоз ДОО Струмица Ул.Васил Суршев бр.7 Струмица
Ул.Васиил Суршев бр.7 Струмица УП1 13-384 20.07.2017","СЕЛЕКТ","Ул.Јосиф Јосифоски - Свештарот бр.4 Струмица","2017"
"22","УП113-393
20.07.2017","кабаре","ДФПСМД НОВА - ЧУБОСКДООЕЛ Скопје Ул.Орце Николов бр.99 Скопје Уп1
13-393 21.07.2017","ЧУБОКС","Ул. Орце Николов бр.99 Охрид","2017"
"23","УП1 13-406
25.07.2017","кабаре","КЛУБ СЧ ДООЕЛ Охрид Ул.Билјанини Извори / Бул. Туристишка бр.1 УП1 13-
406 03.08.2017","КЛУБ СЧ","Ул.Билјанини Извори / Бул.Туристишка бр.1
Охрид","2017"
"24","УП1 13-413
17.08.2017","кабаре","ТДТУТ Марио Трифуноски МАРИО увоз-извоз ДООЕЛ Битола Ул.
Партизанска бр.21 - Битола УП1 13-413 30.11.2017","РАСШЕКОР","Ул.Светозар Мапковиќ бр.1 Делчево","2017"
"25","УП1 13-421
24.08.2017","кабаре","ДПТУ ИКСЕС ГРУПА ДЕЛ Делчево Ул.Светозар Марковиќ бп.1  Делчево УП1
13-421 04.10.2017","ИКСЕС","Ул.Светозар Мапковиќ бр.1 Делчево","2017"
"26","ФП1 13-423
29.08.2017","диско клуб на отворен
простор","ДФФУ СПАЈДЕР МФЛУИЛЕКС ДООЕЛ Гевгелија ФП1 13-423 04.10.2017","ДЕ ФАКТО","Фл.Вардарски рид бр.20 Гевгелија","2017"
"27","УП1 13-438
15.09.2017","кабаре","ДПМ АКАПУЛКО ДООЕЛ,Л увоз-извоз Прилеп Ул.Гоце Делшев бр.3/8 Прилеп
УП1 13-438 20.09.2017","ВИП","Ул.Рампо Леквата бр.18 Прилеп","2017"
"28","УП1 13-447
19.09.2017","кабаре","ДУТ МИСТИК КОМПАНИ ГРОУП ДООЕЛ Скопје Ул.Анастас Митрев бр.3
Скопје УП1 13-447 04.10.2017","ЛКЛУБ МИСТИК","Ул.Анастас Митрев бр.3 Скпоје","2017"
"29","УП1 13-548
05.10.2017","кабаре","ДУТ ТИН ДООЕЛ Пробиштип Ул.Цветко Тонев бб Пробиштип УП1 13-548
09.10.2017","ТИН","Ул.Цветко Тонев бб Пробиштип","2017"
"30","УП1 13-576
26.10.2017","кабаре","ДУТУ БИРДЕРСКИ ДООЕЛ увоз-извоз Куманово Ул.Васил Драгоманоцки
бр.58 Куманово УП1 13-576 09.11.2017","РЕВОЛУшН","Ул.Плоштад Маршал Тито бр.1 Куманово","2017"
"31","УП1 13-578
30.10.2017","кабаре","ДПТУ ПАРК КЛУБ ДООЕЛ Виница Ул.Маешал Тито бр.105 Виница УП1 13-578
09.11.2017","ПАРК КЛУБ","Ул.Моша Пијаде бр.105 Виница","2017"
"32","УП1 13-594
03.11.2017","кабаре","ДТУ А-МИ Милшо и Ацо ДОО Скопје Ул.Гратски парк бб - Скопје УП1 13-594
07.12.2017","МАРКАНА","Ул.Градски парк бб - Скопје","2017"
"33","УП1 13-597
09.11.2017","кабаре","ДТУУ БЕЛАЧИО ПАЛАС ДООЕЛ увоз-извоз Неготино Ул.Ацо Ачи Илов бр.13
Неготино УП1 13-597 28.12.2017","БОРИС","Ул.Ацо Ачи Илов бр.13 Неготино","2017"
"34","УП1 13-613
23.11.2017","кабаре","ДТУ КИКОМ Зопан Наумовски ДООЕЛ увоз-извоз Скопје Ул.Св.Кирил И
Методиј бр.52- Б Скопје УП1 13-613 12.12.2017","САЛУН","Ул.Св,Кирил И Методија бр.52- Б Скопје","2017"
"35","УП1 13-617
24.11.2017","кабаре","ДПТУУ АРТ БАР ДОО Свети Николе Ул.Плоштад Илинден бб - Свети Николе
УП1 13-617 28.12.2017","АРТ БАР","Ул.Плоштад Илинден бб- Свети Никое","2017"
"36","УП1 13-618
27.11.2017","кабаре","ДТУ МИНУС ЕДЕН ДОО Скопје Ул.8-ми Септември бр.18 Скопје УП1 13-618
12.12.2017","МИНУС ЕДЕН","Ул.8-ми Септември бр.18 Скпоје","2017"
"37","УП1 13-621
28.11.2017","кабаре","ДГТПУ МААК ХОУМАС ДОО Кавадарци Ул.Цветан Димов бб-Кавадарци  УП1
13-621 28.12.2017","ЛЕВЕД ДАУН","Ул.Цветан Димов бб- Кавадарци","2017"
"38","УП1 13-644
18.12.2017","кабаре","ДПУУ ПИАНО - К.Т.Н ДООЕЛ Гевгелија Ул.Маршал Тито бр.90 - Гевгелија УП1
13-644 28.12.2017","ПИАНО КЛУБ","Ул.Маршал Тито бр.90 - Гевгелија","2017"
"39","УП1 13-648
21.12.2017к","кабаре","ТП ТАРАНТИНО КЛУБ ТП Дејан Дорди Стојанов Велес Ул.Благој Допев бр.59
Велес УП1 13-648 28.12.2017","ТАРАТИНО","Ул.Благој Дорев бр.59 Велес","2017"
"40","УП1 13-596
03.11.2017","кабаре","ДУПУ СВОЛОУ БАР ДООЕЛ Скопје Ул.Лесновска бр.2 Скопје УП1 13-596
17.04.2018","МЕЦЦО","Бул.Св.Климент Охридски бр.60 Скопје","2018"
"41","УП1 13-646
19.12.2017","кабаре","ДУТУ ЧЕЗ И БЛУЗ КАБАРЕ ДАК ДООЕЛ Охрид со седиште на ул.Кеј
Македонија бр.1 Охрид. УП1 13-646 18.04.2018","ДАК","ул.Кеј Македонија бр.1 Охрид","2018"
"42","УП1 13-24
30.01.2018","кабаре","ТПУ ЈАВОР КАФФЕ Александар Коста Мафков ТП Струмица УП1 13-24
18.04.2018","МАФ - МАФ","Ул.Јосиф Јосифоски - Свештарот бр.20 Струмица","2018"
"43","УП1 13-43
12.02.2018","кабаре","ДТУ МБМК2 ГРОУП ДОО Скопје  Ул.1732 бр.13 Скопје УП1 13-43 18.04.2018","ЕПИЦЕНТАР","Бул.Св.Климент Охридски бр.60 А Скопје","2018"
"44","УП1 13-55
22.02.2018","кабаре","ДПТУ ПРИМА АЛФА ДООЕЛ Крива Паланка со седиште на ул.Јоаким
Осоговски бр.85 Крива Паланка.Лиценцата е издадена на 18.04.2018 со УП1","ВИП","Ул.Св.Јоаким Осоговски бп.85 Крива Паланка","2018"
"45","УП1 13-57
22.02.2018","кабаре","ТПУ БЕЛАМИ НОВ Филип и Благоја Соколовски Крушево се седиште на
ул.Благо Целев бр.3 Крушево . со УП1 13-57","БЕЛАМИ","ул.Благо Целев бр.3 Крушево","2018"
"46","УП1 13-56
22.02.2018","кабаре","ДУТУ ДАРАНД ДООЕЛ Скопје Ул.Метрополит Теодосиј Гологанов бр.70
Скопје УП1 13-56 17.05.2018","ВОКС","Ул.Метрополит Теодосиј Гологанов бр.70 Скопје","2018"
"47","УП1 13-76
07.03.2018","кабаре","ТДТУТУ ОМНИА - ЛГББ ДООЕЛ Охрид УП1 13-76 03.05.2018","АWАКЕ","Ул.Железнишка бб - Охрид","2018"
"48","УП1 13-451
23.04.2018","кабаре","ДУТУ ПАРАДИСО МАНСИОН ДООЕЛ увоз-извоз с.Дихово Битола УП1 13-451
26.04.2018","ПАРАДИСО МАНСИОН","Ул.4 бр.2 Дихово Битола","2018"
"49","УП1 13-470
27.04.2018","кабаре","ДПМПИ МЕГАТОН ПРОДУКАЦИЈА ДООЕЛ Скопје Ул.11-ти Октомвпр бр.1/А
Скопје УП1 13-470 03.07.2018","Д ЛОФТ","Ул.1740 бр.11 Скопје (катна гаража Солунски
Конгрес)","2018"
"50","ФП1 13-474
30.04.2018","дискоклуб на отворен
простор","ДУФ МБМК2 ГРОФП ДООЕЛ Скопје Бул.Св.Климент Охридски бр.60 А Скопје
ФП1 13-474 02.07.2018","ЕПИЦЕНТАР","Фл.1732 бр.13 Скопје","2018"
"51","УП1 13-514
17.05.2018","кабаре","ПУТДД СРК МАРКАТ ДОО увоз-извоз Скопје Ул.Леринска бр.71 Скопје УП1 13-
514 08.06.2018","АКВА ПАРК","Ул.3-ти Април бр.41А Пробиштип","2018"
"52","УП1 13-520
18.05.2018","кабаре","ТДУТУ ОМИНА - ЛГББ ДООЕЛ Охрид Ул.Наум Охридски бр.6 Охрид УП1 13-
520 03.07.2018","ПАРК","Ул.Наум Охридски бр.6 Охрид","2018"
"53","УП1 13-567
06.06.2018","кабаре","ДТУ ДАНИНЕТ ДООЕЛ Куманово Ул.Октомврски револуциа бр.43/13
Куманово УП1 13-567 31.07.2018","СПЕЈС","Ул.602 БР.2, Провеце - Куманово","2018"
"54","УП1 13-580
18.06.2018","кабаре","ДПТУ Талавески Илија Мирко и др.SИУ увоз-извоз ДОО Битола Ул.Иво Лола
Рибар бб / Олимписка Базен -Битола УП1 13-580","ИМПЕРАТОР","У.Иво Лоал Рибар бб/ Олимписки базен Битола","2018"
"55","ФП1 13-579
18.06.2018","дискоклуб на отворен
простор","ДФУП SИФЛЕНД ДООЕЛ Битола Фл.Широк Сокак бр.162 Битола ФП1 13-579
03.07.2018","ХАШ","Широк Сокак бр.162 Битола","2018"
"56","УП1 13-619
17.05.2018","кабаре","ДУУ НОКТУРНО - ИМПАКТ ДООЕЛ увоз-извоз Велес Ул. Алексо Демниевски-
Бауман бр.10 Велес УП1 13-654 24.09.2018","ХЕВАН","Ул.Алексо Демниевски - Бауман бр.10 Велес","2018"
"57","УП1 13-619
17.05.2018","кабаре","ДПТУ МЕСМОН ДООЕЛ Кочани Ул.Крижевска бр.26 Кочани УП1 13-619
27.08.2018","АКВА ПАРК","Ул.Лазап Андонов бр.26 Кочани","2018"
"58","УП1 13-45
14.02.2018","кабаре","ДУТУ ДИАМОНД ЕКСКЛУЗИВ ДООЕЛ Радовиш Ул.Свети Спасов Радовишки
бр.1 Радовиш УП1 13-45 16.11.2018","ДЕЈАМОНД","Ул.Свети Спасов Радовишки бр.1 Радовиш","2018"
"59","УП1 13-630
17.08.2018","кабаре","ДУТУ КЛУБ СЧ ДООЕЛ увоз-извоз Охрид Булевард Туристишка бр.1 СРЦ
Охрид УП1 13-630 27.08.2018","КЛУБ СЧ","Булевард Туристишка бр.2 СРЦ / Биљанини
извори Охрид","2018"
"60","УП1 13-644
24.08.2018","кабаре","ДФПСМД НОВА - ЧУБОСКДООЕЛ Скопје Ул.Орце Николов бр.99 Скопје Уп1
13-644 20.12.2018","ЧУБОКС","Ул. Орце Николов бр.99 Охрид","2018"
"61","УП1 13-682
07.09.2018","кабаре","ДПТУ МАГО БАЗЕН ДООЕК увоз-извоз Штип Ул.Гоце Делшев бр.8 Штип УП1
13-682 09.10.2018","СЦЕНА","Ул. Генерал Михајло Апостолски бр.21 Штип","2018"
"62","УП1 13-721
09.10.2018","кабаре","ДТУ КЛУБ МИЛЕНИУМ ДООЕЛ Велес Ул.8-ми Септември бр.57 Велес УП1 13-
721 09.10.2018","КЛУБ МИЛЕНИУМ","Ул.Маршал Тито бр.1 Велес","2018"
"63","УП1 13-723
09.11.2018","кабаре","ДПТУ БУП - АН ДООЕЛ Штип Ул.Христијан Карпош бр.19 Штип УП1 13-723
02.11.2018","ТЕРМИНАЛ 7","Ул. Партизанска бр.19 Штип","2018"
"64","УП1 13-725
10.10.2018","кабаре","ДПТТУ ДАНИНЕТ ДООЕЛ Куманово Ул.Октомврска Револуција бр.43/13
Куманово УП1 13-725 16.11.2018","СПЕЈС","Ул.Иво Лола Рибар бр.128 Куманово","2018"
"65","УП1 13-747
01.11.2018","кабаре","ДУТУ АКАПУЛКО ТРЕНД ДООЕЛ Прилеп Ул.Рампо Левката бр.18 Прилеп УП1
13-747 07.11.2018","ВИП","Ул.Рампо Леквата бр.18 Прилеп","2018"
"66","УП1 13-749
02.11.2018","кабаре","ДУУТ КЛУБ ИРИДИУМ 77 ДООЕЛ Скопје Ул.Кеј 13-ти Ноембри бр.217/ ГТЦ
локал 56 Скопје УП1 13-749 03.12.2018","ИРИДИУМ","Ул.Кеј 13-ти Ноемвро бр.217/ ГТЦ локал 56 Скопје","2018"
"67","УП1 13-771
23.11.2018","кабаре","ДПТУУ ПАБЛИК ПЛЕЈС ДООЕЛ Куманово Ул.Ибан Милутиновиќ бр.30
Куманово УП1 13-771 29.12.2018","ДАРК","Ул. Ленинова бр.23 Куманово","2018"
"68","УП1 13-791
06.12.2018","кабаре","ТДПГТУУ КУБА ХАВАНА ДООЕЛ Охрид Ул.Партизанска бр.2 Охрид УП1 13-
791 11.12.2018","КУБА ХАВАНА","Ул.Партизанска бр.2 Охрид","2018"
"69","УП1 13-758
07.12.2018","кабаре","ДТУ НОЌЕН КЛУБ КЛИКУЕ ДОО Штип Ул.Партизанска бр.42/8 Штип УП1 13-
758 14.12.2018","КЛИКУЕ","Ул.Партизанска Бр.35 Штип","2018"
"70","УП1 13-828
20.12.2018","кабаре","УД БЕЛИ 9 ТИ Зеќирија Хисни Али Тетово Ул.Кликово бб Тетово УП1 13-828
25.12.2018","БЕЛИ 9","Ул.Кликово  бб Тетово","2018"
"71","УП1 13-5
08.01.2019","кабаре","ДТУ АВАТАР КЛУБ ДООЕЛ Струмица Ул.Благој Јанков - Мушето бр.10
Струмица УП1 13-5 11.01.2019","АВАТАР","Ул.Благој Јанков - Мушето бр.10 Струмица","2019"
"72","УП1 13-41
04.02.2019","кабаре","ДУТУ РЕБОРН ДОО Кавадарци Ул.Цветан Димов бр.1 Кавадарци УП1 13-41
19.03.2019","РЕБОРН","Ул.Цветан Димов бб- Кавадарци","2019"
"73","ФП1 13-456
06.06.2019","дискоклуб на отворен
простор","ДАНИНЕУ ДООЕЛ Куманово Фл.Октомверски Револуција бр.43/13 Куманово
ФП1 13-456 01.08.2019","СПЕЈС","Фл.602 БР.2, Провеце - Куманово","2019"
"74","УП1 13-326
09.04.2019","кабаре","ДУТУ ЧЕЗ И БЛУЗ КАБАРЕ ДАК ДООЕЛ Охрид Ул.Кеј Македонија бр.1 Охрид
УП1 13-326","ДАК","ул.Кеј Македонија бр.1 Охрид","2019"
"75","УП1 13-335
10.04.2019","кабаре","ТПУ БЕЛАМИ НОВ ТП Крушево Ул.Благо Целев бр.3 Крушево УП1 13-335
12.02.2019","БЕЛАМИ","ул.Благо Целев бр.3 Крушево","2019"
"76","УП1 13-385
15.05.2019","кабаре","ДСКТУ ЕНЕРЧИ НАЈТ КЛУБ ДООЕЛ Тетово Ул.Скопски Пат бр.28 Тетово УП1
13-385 17.05.2019","ЕНЕРЧИ НАЈТ КЛУБ","Ул.Скопски Пат бр.28 Тетово","2019"
"77","ФП1 13-387
16.05.2019","дискоклуб на отворен
простор","СПАЈДЕР МФЛУИПЛЕКС ДООЕЛ Гевгелија Фл.Вардарски рид бр.29 Гевгелија
ФП1 13-387 13.06.2019 070/218 317","ДЕ ФАКТО","Фл.Вардарски рид бр.20 Гевгелија","2019"
"78","ФП1 13-458
07.06.2019","дискоклуб на отворен
простор","ДПУФ КЛФБ ИНДФСУРИАЛ ДООЕЛ Струмица Фл.Глогор Новаков бр.14
Струмица ФП1 13-458 18.06.2019","КЛУБ ИНДУСТРИАЛ","ФЛ.Глороп Новаков бр.14 Струмица","2019"
"79","УП1 13-514
26.06.2019","кабаре","ДПТУ ДИСКОТЕКА ПАРК ДООЕЛ Охрид Ул.Наум Охридски бр.5-7 Охрид УП1
13-51418.07.2019","ПАРК","Ул.Наум Охридски бр.5-7 Охрид","2019"
"80","ФП1 13-554
04.07.2019","дискоклуб на отворен
простор","ДФУП SИФЛЕНД ДООЕЛ Битола Фл.Широк Сокак бр.162 Битола ФП1 13-554
02.09.2019","ХАШ","Фл.Олимписки Базен бб Битола","2019"
"81","УП1 13-555
04.07.2019","кабаре","ДПТУ SИУ ДООЕЛ Битола Ул.Иво Лола Рибар бб Битола УП1 13-555
02.09.2019","ИМПЕРАТОР","Ул.Иво Иола Рибар бб Битола","2019"
"82","УП1 13-685
12.08.2019","кабаре","ДПТУ СТАР КЛУБ ЕДЕН ДОО Охрид Ул.Железнишка бр.114 А - Охрид УП1 13-
685 05.09.2019","СТАР КЛУБ ЕДЕН","Ул.Железнишка бр. 114  А- Охрид","2019"
"83","УП1 13-722
30.08.2019","кабаре","ПУУД СРК МАРКАТ ДОО Скопје Ул.Леринска бр.71 Скопје УП1 13-722
29.11.2019","АКВА ПАРК НОЌЕН КЛУБ 3","Ул.3-ти Април бр.41А Пробиштип","2019"
"84","УП1 13-737
11.09.2019","кабаре","ДПТУ АПАРТ БАР ДОО Свети Николе Ул.Плоштад Илинден бб Свети Николе
УП1 13-737 27.11.2019","АРТ БАР","Ул.Плоштад Илинден бб- Свети Никое","2019"
"85","УП1 13-792
30.09.2019","кабаре","ДУТУ КЛУБ СЧ ДОО Охрид Ул.Туристишка бр.1 СРЦ Биланини извори -Охрид
УП1 13-792 20.11.2019","КЛУБ СЧ","Ул.Туристишка бр.1 СРЦ Биланини извори - Охрид","2019"
"86","УП1 13-802
04.10.2019","кабаре","ДУУ НОКТУРНО ИМПАКТ ДООЕК Велес Ул.Алексо Демниевски - Бсуман
бр.10 Велес УП1 13-802 27.11.2019","НОКТУРНО - ИМПАКТ","Ул.Алексо Демниевски - Бауман бр.10 Велес","2019"
"87","УП1 13-826
28.10.2019","кабаре","ДТУ ДАНИНЕТ ДООЕЛ Куманово Ул.Октомврски револуциа бр.43/13
Куманово УП1 13-826 20.11.2019","СПЕЈС","Иво  Лола Рибар бр.128 Куманово","2019"
"88","УП1 13-834
05.11.2019","кабаре","ДТУ БУП - АН ДООЕЛ Штип Ул.Христијан Карпош бр.19 Штип УП1 13-834
07.11.2019","ТЕРМИНАЛ 7","Партизанска бр.19 Штип","2019"
"89","УП1 13-846
11.11.2019","кабаре","Кабаре клуб ОПИУМ Тетово Ул.Маршал Тито бр.130 Тетово УП1 13-846
17.12.2019","КЛУБ ОПИУМ","Ул,Маршал Тито бр.130 Тетово","2019"
"90","УП1 13-852
12.11.2019","кабаре","Ноќен клуб КЛИКУЛЕ ДОО Штип Ул.Партизанска бр.42/8 Штип УП1 13-851
17.12.2019","КЛИКУЕ","ул.Свети Спасо Радовишки бр.1 Радовиш","2019"
"91","УП1 13-857
15.11.2019","кабаре","ДУТУ ДАЈМОНД ЕКСКЛУЗИВ ДООЕЛ Радовиш Ул.Свети Спасо Радовиш бр.1
Радовиш УП1 13-857 24.01.2020","ДАЈМОНД ЕКСКЛУЗИВ","Ул.Свети Спасов Радовишки бр.1 Радовиш","2020"
"92","УП1 13-861
19.11.2019","кабаре","ЧАЛИ ДООЕЛ Виница Ул.Наум Наумовски - Борше бр.38 Виница УП1 13-861
20.12.2019","ПОТЕСТАС","Ул.Јакимовски пат бр.1 Виница","2019"
"93","УП1 13-867
20.11.2019","кабаре","ДПТУ КОМПАКТ 2019 ДООЕЛ Виница Ул.215, Градец - Виница УП1 13-867
17.12.2019","КОД","Ул.215, Градец- Виница","2019"
"94","УП1 13-870
25.11.2019","кабаре","ДУТУ АКАПУЛКО ДООЕЛ Прилеп Ул.Рампо Левката бр.18 Прилеп УП1 13-870
27.11.2019","ВИП","Ул.Рампо Леквата бр.18 Прилеп","2019"
"95","УП1 13-883
26.11.2019","кабаре","ДУТУ ДАРАНД ДООЕЛ Скопје Ул.Метрополит Теодосиј Гологанов бр.70
Скопје УП1 13-883 13.04.2020","ВОКС","Ул.Метрополит Теодосиј Гологанов бр.70 Скопје","2020"
"96","УП1 13-891
29.11.2019","кабаре","ДПТУ ПАБЛИК ПЛЕЈС Куманово со седиште на ул.Иван Милутиновиќ бр.30
Куманово. УП1 13-891 12.12.2019","ДАРК","ул.Ленинова бр.23 Куманово","2019"
"97","УП1 13-917
10.12.2019","кабаре","КУБА ХАВАНА ДООЕЛ Охрид Ул.ПАРТИЗАНСКА БР.2 Охрид УП1 13-917
24.01.2020","КУБА ХАВАНА","Ул.Партизанска бр.2 Охрид","2020"
"98","УП1 13-948
19.12.2019","кабаре","ДТПУ МЕСМОН ДООЕЛ Кочани Ул.Крижевска бр.26 Кочани УП1 13-948
24.01.2020","АКВА","Пазап Андонов бр.71 Кочани","2020"
"99","УП1 13-919
11.12.2019","кабаре","ГГ - КОМ ДООЕЛ Берово Ул.Моша Пијаде бр.2 Берово УП1 13-919 11.02.2020 ГГ - КОМ","","Ул.Моша Пијаде  бр.2 Берово","2020"
"100","УП1 13-953
24.12.2019","кабаре","УД БЕЛИ 9 Тетово Ул.Кликово бб -Тетово УП1 13-953 25.12.2019","БЕЛИ 9","Кликово бб  Тетово","2019"
"101","УП1 13-956
25.12.2019","кабаре","ДТУ А - МИ ДООЕК Скопје Ул.Грацки парк бб Скопје УП1 13-956","МАРАКАНА","Ул,Грацки парк бб Скопје","2019"
"102","УП1 13-961","кабаре","ЛАВ ДОО Куманово Ул.Железнишка бр.13 Куманово УП1 13-961 16.01.2020","ЛАВ","Железнишка бр.13 Куманово","2020"
"103","УП1 13-46
28.01.2020","кабаре","ТДУ МАРИО ДООЕЛ Битола Ул.Партизанска бр.21 Битола УП1 13-46
13.02.2020","РАСШЕКОР","Ул.Партизанска бр.21 Битола","2020"
"104","ФП1 13-216
28.02.2020","кабаре","ДФУФ РЕБОРН ДОО Кавадарци Фл.Цветан Димов бр.1 Кавадарци ФП1 13 - 216
од 17.11.2021","РЕБОРН","Фл/Цветан Димов бр.1  Кавадарци","2021"
"105","ФП1 13-906
23.06.2021","дискоклуб на отворен
простор","ДПУФ ДАНИНЕУ ДООЕЛ експорт-импорт ДООЕЛ Куманово ФП1 13-906 од
04.02.2022  Фл.Октомврски Револуција бр.43-13 Куманово","СПЕЈС","Фл.602 БР.2, Провеце - Куманово","2022"
"106","Фп1 13-946
07.07.2021","дискоклуб на отворен
простор","ДПУФ МЕСМОН ДООЕЛ Кочани Фл.Лазар Анданов бр.71 - Кочани ФП1 13-946
30.07.2021","АКВА","Фл.Лазап Андонов бр.26 Кочани","2021"
"107","ФП113-1111
24.09.2021","кабаре","ДПУФ КС ФЕЛИЦИЈА ДООЕЛ Битола Фл.Новашки пат бр.14 Битола ФП113-1111
од 15.11.2021","ГОЛД ФЕЛИЦИЈА","Фл.Новашки пат бр.14 Битола","2021"
"108","ФП113-1154
11.11.2021","кабаре","ДФУФ СУАНИЦА 26 ДОО Скопје - Фл.Јордан Мијалков бр.26 Скопје ФП113-
1154 од 05.01.2022","СТАНИЦА 26","Фл.Јордан Мијалков бр.26 Скопје","2021"
"109","ФП1 13-1155
12.11.2021","кабаре","ДФУФ СУАНИЦА 26 ДОО Скопје - Фл.Јордан Мијалков бр.26 Скопје ФП113-
1155 од 05.01.2022","1212","ул.50-та Дивизија бр.6 Скопје","2021"
"110","ФП1 13-1160
16.11.2021","кабаре","ДПУФФ ПАБЛИК ПЛЕЈС ДООЕЛ Куманово Фл.Ибан Милутиновиќ бр.30
Куманово ФП1 13-1160 од 05.01.2022","ДАРК","ул.Ленинова бр.23 Куманово","2021"
"111","ФП1 13-1164
17.11.2021","кабаре","ДПУФ КЛАСИК ДМ ДООЕЛ Кочани - Фл.Димитар Влахов бб Кочани ФП113-
1164 од 11.02.2022","ПУЛС","Фл.Штипски пат бб Кочани","2021"
"112","ФП1 13-1180
19.11.2021","кабаре","УДФУ УРОПИКАЛ КАФЕ ДООЕЛ Охрид ФП1 13- 1180 од 26.11.2021","АЛОМОС","Фл.Булевар Ууристишка бр.1СРЦ Билј извори
Охрид","2021"
"113","ФП1 13-1196
24.11.2021","кабаре","ДПУФ ИКСЕС ГРФПА ДЕЛ Делчево Фл.Светозар Марковиќ бп.1  Делчево ФП1
13-1196 од  04.02.2022","РИВЕР","Фл.Светозар Марковиќ бп.1  Делчево","2021"
"114","ФП1 13-1206
30.11.2021","кабаре","ДПУФ ЗОКОС ПЛФС ДООЕЛ Битола - Фл.Дунав бр.16 Битола ФП1 13- 1206 од
04.02.2022","ДАВИДОФ КЛУБ","Фл.Дунав бр.16 Битола","2021"
"115","ФП1 13-1178
19.11.2021","диско клуб","ДУФ АБ РОШЕ ИНВЕСУ ДООЕЛ Охрид - Фл.Железнишка бр.10 - зфрада 1
Охрид ФП 1 13- 1178 од 21.12.2021","ИНКЛУЗИВ","Фл.Железнишка бр.10 - зфрада 1  Охрид","2021"
"116","ФП1 13-1195
24.11.2021","диско клуб","СПАЈДЕР МФЛУИПЛЕКС ДООЕЛ Гевгелија Фл.Вардарски рид бр.29 Гевгелија
ФП1 13-1195 од 11.02.2022","ДЕ ФАКТО","Фл.Вардарски рид бр.29 Гевгелија","2021"
"117","ФП113-17
27.01.2022","кабаре","ДУФ МИНФС ЕДЕН ДОО Скопје Фл.8-ми Септември бр.18 Скопје ФП1 13-17 од
03.05.2022","МИНУС ЕДЕН","Фл.8-ми Септември бр.18 Скпоје","2022"
"118","ФП1 13- 40
09.02.2022","кабаре","ДУФ БВ - АКРОПОЛИС ДООЕЛ Неготино - Фл.Ацо Ачи Илов бр.13 Неготино
ФП1 13-40 од 25.02.2022","АКРОПОЛИС","Фл.Ацо Ачи Илов бр.13 Неготино","2022"
"119","ФП113-48
15.02.2022","кабаре","ДУФ А - МИ ДООЕЛ Скопје Фл.Грацки парк бб Скопје ФП1 13-48 од 25.03.2022 МАРАКАНА","","Фл.Грацки парк бб Скопје","2022"
"120","ФП1 13-58
22.02.2022","кабаре","ДПУФ У - КОМАПАНИ ДООЕЛ Куманово - Фл.Маршал Уито бр.10 Куманово
ФП1 13 -58 од 15.04.2022","СПЕЈС ПРЕМИУМ","Фл.Маршал Уито бр.10 Куманово","2022"
"121","ФП1 13-94
28.03.2022","кабаре","ДПУФ БАЛКАН ЦЕНУРАЛ ДОО Кавадарци - Фл.Плоштад Маршал Уито бр.1
Кавадарци ФП1 13-94 од 11.04.2022","БАЛКАН ЦЕНТРАЛ","Фл.Плоштад Маршал Уито бр.1 Кавадарци","2022"
"122","ФП1 13-126
14.04.2022","кабаре","ДУФ НОЌЕН КЛФБ КЛИКФЕ Штип - Фл. Партизанска бр.35 Штип ФП1 13-126 од
11.05.2022","КЛИКУЕ","Фл. Партизанска бр.35 Штип","2022"
"123","ФП1 13-127
14.04.2022","кабаре","КОМПАКУ 2019 ДООЕЛ Виница - Фл.Градец бр.215 Градец Виница ФП 1 13-
127 од 26.04.2022","КОД","Фл.Градец бр.215 Градец Виница","2022"
"124","ФП1 13-129
15.04.2022","кабаре","ГГ - КОМ ДООЕЛ Берово ул.Моша Пијаде бр.2 Берово ФП 1 13-129 од
15.04.2022","ГГ - КОМ","ул.Моша Пијаде бр.2 Берово","2022"
"125","ФП1 13-144
19.04.2022","кабаре","ДФФ НОКУФРНО ИМПАКУ ДООЕЛ Велес - Фл.Алексо Демниевски - Бауман
бр.10 Велес ФП 1 13- 144 од 21.04.2022","НОКТУРНО - ИМПАКТ","Фл.Алексо Демниевски - Бауман бр.10 Велес","2022"
"126","ФП1 13-153
21.04.2022","Ноќен бар","ДУФ СФПЕР ЛАЈУ ПАРК ДООЕЛ Скопје / ул.Булевард Кузман Јосифовски Питу
бр.1 Скопје / ФП1 13-153 од 11.08.2022","ИВЕНТ ЦЕНТАР","ул.Булевард Кузман Јосифовски Питу бр.1 Скопје","2022"
"127","ФП1 13-163
27.04.2022","кабаре","УДУФУ Марио Урифуноски МАРИО увоз-извоз ДООЕЛ Битола Фл.
Партизанска бр.21 - Битола ФП1 13-163 од 11.05.2022","РАСШЕКОР","Фл. Партизанска бр.21 - Битола","2022"
"128","ФП1 13-227
13.05.2022","Дискоклуб на отворен
простор","ДПУФ КС ФЕЛИЦИЈА ДООЕЛ Битола Фл.Новашки пат бр.14 Битола ФП113-227
од 10.06.2022","ГОЛД ФЕЛИЦИЈА","Фл.Новашки пат бр.14 Битола","2022"
"129","ФП1 13-247
19.05.2022","Диско клуб на отворен
простор","ДУФ АВАУАР ПЛФС ДОО Струмица - Фл.Гоце Делшев бр.107 Струмица ТП1 13-
247 од 10.06.2022","АВАТАР","Фл.Гоце Делшев бр.107 Струмица","2022"
"130","ФП1 13-235
16.05.2022","Диско клуб на отворен
простор","ДФУП ТИФЛЕНД ДООЕЛ Битола - Фл.Маршал Уито бр.162 Битола ( Олимписки
базен ) ФП1 13- 235 од 23.05.2022","ХАш","Фл.Маршал Уито бр.162 Битола ( Олимписки
базен )","2022"
"131","ФП1 13- 269
06.06.2022","Диско клуб на отворен
простор","ДПУФ ИНДФСУРИЈАЛ ГРФП ДООЕЛ Струмица - Фл.Ленинова бр.44 Струмица
ФП1 13-269 од 23.06.2022","ИНДУСТРИЈАЛ","Фл.Глигор Новаков бр.14 Струмица","2022"
"132","ФП 13 -290
13.06.2022","кабаре","ДПУФ ЕЛ - ЕМ ДООЕЛ Охрид - Фл.Св.Климент Охридски бб Охрид ФП1 13- 290
од 17.06.2022","РЕБЕЛ","Фл.Булевар Ууристишка бр.1 Охрид","2022"
"","ФП1 13- 295
14.06.2022","Диско клуб на отворен
простор","ДУФ СФПЕР ЛАЈУ ПАРК ДООЕЛ Скопје / ул.Булевард Кузман Јосифовски Питу
бр.1 Скопје / ФП1 13-153 од 11.08.2022","ПРИВИЛИЧ","ул.1732 бр.10 Скопје","2022"
"133","ФП1 13-323
24.06.20222","кабаре","УП УАРАНУИНО КЛФБ УП Дејан Дорди Стојанов Велес Фл.Благој Допев бр.59
Велес ФП1 13-323 од 28.06.2022","СПАРТА","Фл.Благој Допев бр.59 Велес","2022"
"","ФП1 13- 374
12.07.2022","кабаре","ДПУФФ РОК КАФЕ ДООЕЛ Гостивар / ул.Живко Брајковски бр.33 Гостивар /
ФП1 13-374 од 15.09.2022","РОК КАФЕ","ул.Живко Брајковски бр.33 Гостивар","2022"
"134","ФП1 13- 508
30.09.2022","кабаре","ДФУП АВУОСИГФРНОСУ ДООЕЛ Свети Николе /Фл.Маршал Уито бб Свети
николе /ФП13-508 од 28.10.2022 година","БИЛА ЗОРА","Фл.Маршал Уито бб Свети николе","2022"
"135","ФП1-13-483
16.09.2022","Диско клуб на отворен
простор","ДУФ МНЗ - КОМ ДООЕЛ Скопје /Фл.Митрополит Уеодосиј Гологанов бр.51
Скопје / ФП1 13- 483 од 21.10.2022 година","ПЈУР","Фл.1732 бр.13 Скопје","2022"
"136","ФП1 13-540
31.10.2022","кабаре","ДУФ КАФЕ СЕЛЕКУ ДООЕЛ Кишево / ул.С.УРапшин Дол бр.3 , Урапшин Дол
Кишево /ФП1 13- 540 од 11.11.2022","КАФЕ СЕЛЕКТ","с.Урапшин Дол - Кишево","2022"
"137","ФП1 13-339
29.06.2022","кабаре","ДФУФ ГРАНД КЛФБ КАБАРЕ ДООЕЛ Струга /Езерски лозја бр.1 Струга / ФП1 13-
339 од 06.07.2022 година","ГРАНД КЛУБ КАБАРЕ","Фл.Езерски Лозја бр.1 Струга","2022"
"138","ФП1 13-268
03.06.2022","кабаре","ДУУФ Ки К КОНСУРАКШН ДОО Штип/ Суитлак бр.1А Штип /ФП1 13-268 од
06.07.2022 година","БРИОНИ","Фл.Суитлак бр.1А Штип","2022"
"139","ФП1 13-542
02.11.2022","кабаре","ДУФ СУАРС КЛФБ ДООЕЛ Охрид / Фл.Железнишка бр.114 Охрид / ФП1 13-542
од 15.11.2022","СТАРС КЛУБ","Фл.Железнишка бр.114 Охрид","2022"
"140","ФП1 13-553
16.11.2022","кабаре","ДФУФ РЕБОРН ДОО Квадарци/ Фл.Илинденска бр.11 Кавадарци / ФП1 13- 553
од 17.11.2022","РЕБОРН","Фл.Цветан Димов бб- Кавадарци","2022"
"141","ФП1 13-457
25.08.2022","кабаре","ДФУП КЛФБ УЕРМИНАЛ ДООЕЛ Скопје/ Фл.Никола Карев бр.22 Скопје / ФП1
13-457 од 24.11.2022","КЛУБ ТЕРМИНАЛ","Фл,Никола Карев бр.22 Скопје","2022"
"142","ФП1 13- 544
24.11.2022","кабаре","ДПУФ Уалевски Илија Мирко и други ТИФ ДОО Битола / ул.Иво Лола Рибар
бб / Олимписки базен Битола / ФП 1 13- 544 од 24.11.2022","ИМПЕРАТОР","ул.Иво Лола Рибар бб / Олимписки базен Битола","2022"
"143","ФП1 13-543
02.11.2022","кабаре","ДПУФ КС ФЕЛИЦИЈА ДООЕЛ Битола/ Фл.Новашки пат бр.14 Битола / ФП1 13-
543 ид 28.11.2022","ГОЛД ФЕЛИЦИЈА","Фл.Новашки пат бр.14 Битола","2022"
"144","ФП1 13-561
25.11.2022","кабаре","ДПУФ ЕФРО ПЛАУИНФМ КЛФБ ДОО Струмица/ Фл.Ленинова бр.44 / ГтЦ
Глобал Струмица / ФП1 13 - 561 од 05.12.2022 година","ЕУРО ПЛАТИНУМ КЛУБ","Фл.Моша Пијаде бр.1 Струмица","2022"
"145","ФП1 13-462
30.08.2022","кабаре","ДКЗУФ ЕНЕРЧИ НАЈУ КЛФБ ДООЕЛ Уетово / Фл.Маршал Уито бр.28 Уетово /ФП
1 13 - 462 од 07.12.2022","ЕНЕРЧИ НАЈТ КЛУБ","Фл.Маршал Уито бр.28 Уетово","2022"
"146","ФП1 13-595
07.12.2022","кабаре","ДФУФ ПРИЈАУЕЛСУВО ДООЕЛ Охрид / Фл.Партизанска бр.2 Охрид/ФП113-12-
2022","ОМНИА","Фл.Партизанска бр.2 Охрид","2022"
"147","ФП1 13- 604
13.12.2022","диско клуб","ДУФ АБ РОШЕ ИНВЕСУ ДООЕЛ Охрид - Фл.Железнишка бр.10 - зграда 1
Охрид ФП 1 13- 604 од 21.12.2022","ИНКЛФЗИВ","Фл.Железнишка бр.10 - зграда 1  Охрид","2022"
"148","ФП1 13-555
21.11.2022","кабаре","ДПУФ ЈОЛО КЛФБ ПП ДООЕЛ Струмица / Фл.Ленинова бр.3-/1-13 Струмица /
ФП1 13- 555 од 27.11.2022","ЈОЛО КЛУБ","Фл.Јосиф Јосифовски - Свештарот бр.20 Струмица","2022"
"149","ФП1 13-527
21.10.2022","кабаре","ДУФ ЕПИЦЕНУАР ГРФП 091 ДООЕЛ Скопје/Фл.Булевар Св.Климент Охридски
бр.60А Скопје / ФП1 13-26.01.2023","ЕПИЦЕНТАР","Фл.Булевар Св.Климент Охридски бр.60А Скопје","2023"
"150","ФП1 13-582
30.11.2022","кабаре","ДФУФ ЕКВИЛИБРИФМ ДЕН И НОЌ ДООЕЛ Скопје/ Фл.Скупи.бр.1 Скопје /ФП1
13-582 од 18.01.2023","ЕКВИЛИБРИУМ","Фл.Скупи.бр.1 Скопје","2023"
"151","ФП1 13- 639
21.12.2022","кабаре","ДФУФ СУАНИЦА 26 ДОО Скопје / Фл.Јордан Мијалков бр.26 Скопје / ФП1 13-
639 од 16.02.2023","СТАНИЦА 26","Фл.Јордан Мијалков бр.26 Скопје","2023"
"152","ФП1 13- 640
21.12.2022","кабаре","ДФУФ СУАНИЦА 26 ДОО Скопје / Фл.Јордан Мијалков бр.26 Скопје / ФП1 13-
640 од 16.02.2023","1212","Фл.50-та Девизија бр.25 локал 6 Скопје","2023"
"153","ФП1 13- 26
25.01.2023","кабаре","ДПУФФ ПАБЛИК ПЛЕЈС ДОО Куманово / Фл.Ленинова бр,23 Куманово/ФП1 13-
26 од 03.02.2023","ДАРК","Фл.Ленинова бр,23 Куманово","2023"
"","ФП1 13- 29
27.01.2023","кабаре","ДФУФ МФСАНДРА ДООЕЛ Скопје / Фл.Кеј 13-ти Ноември бр.ГУЦ Локал 217
Скопје / ФП1 13-29 од 27.02.2023","МУСАНДРА","Фл.Кеј 13-ти Ноември бр.ГУЦ Локал 217 Скопје","2023"
"154","ФП1 13-45
13.02.2023","кабаре","ДПУФ МИСУРАЛ ГРФП ДООЕЛ Велес / Фл.8 - ми Септември бр.57 Велес / ФП1
13- 45 од 16.02.2023","МИСТРАЛ","Фл.8 - ми Септември бр.57 Велес","2023"
"155","ФП1 13- 11
05.01.2023","кабаре","ДПУФ АРХАНГЕЛОС 2007 ДООЕЛ Прилеп /Фл.Архиепископ Доситеј бр.107
Прилеп/ ФП 1 13- 11 од 18.01.2023","СТАНИЦА 512","Архиепископ Доситеј бр.107 Прилеп","2023"
"156","ФП13- 62
20.02.2023","кабаре","ДУФ БВ - АКРОПОЛИС ДООЕЛ Неготино - Фл.Ацо Ачи Илов бр.13 Неготино
ФП1 13-62 од 23.02.2022","БОРИС","Фл.Ацо Ачи Илов бр.13 Неготино","2023"
"157","ФП1 13-24
24.01.2022","кабаре","ДУФ ХЕЛИОС СИУИ ДООЕЛ Струмица / ул.Јосиф Јосифовски Свештарот бр.8
Струмица / ФП1 13 - 24 од 28.02.2023","ХЕЛИОС","ул.Јосиф Јосифовски Свештарот бр.8 Струмица","2023"
"158","ФП1 13-65
22.03.2023","диско клуб","ДУУФ СПАЈДЕР МФЛУИПЛЕКС ДООЕЛ Гевгелија / Фл.Вардарски рид бр.20
Гевгелија / ФП1 13-65 од 08.03.2023","ДЕ ФАКТО","Фл.Вардарски рид бр.20 Гевгелија","2023"
"159","ФП1 13- 71
24.02.2023","кабаре","УДФУ УРОПИКАЛ КАФЕ ДООЕЛ Охрид / ул.Ууристишка бр.1 Охрид /СРЦ
Билјанини извори Охрид / ФП1 13-71 од 27.02.2023","ТРОПИКАЛ КАФЕ","ул.Ууристишка бр.1 Охрид /СРЦ Билјанини извори
Охрид","2023"
"160","ФП1 13-51
15.02.2023","кабаре","ДПУФФ ММММ КАФЕ ДООЕЛ Кочани/ Фл.Димитар Влахов бр.5/СФ -33
Кочани / ФП1 13-51 од 13.03.2023","КЛУБ ПУЛС","Фл.Крижевска БР.2 Кочани","2023"
"161","ФП1 13-189
08.05.2023","кабаре","ДУФ КАБАРЕ КЛИКФЕ ДОО Штип/ Фл.Партизанска бр.42/1 Штип / ФП1 13- 189
од 16.05.2023","КЛИКУЕ","Фл.Др.Слободан Јовановски бр.2 Штип","2023"
"162","ФП1 13-227
18.05.2023","кабаре","ДПУФ КОМПАКУ 2019 ДООЕЛ Виница Фл.215, Градец - Виница ФП1 13-227  од
09.06.2023","КОД","Населено место Градец бр.215 - Виница","2023"
"163","ФП1 13- 272
25.05.2023","Диско клуб на отворен
простор","ДПУФ КС ФЕЛИЦИЈА ДООЕЛ Битола / Фл.Новашки пат бр.14 Битола / ФП1 13-
272 од 15.06.2023","ГОЛД ФЕЛИЦИЈА","Фл.Новашки пат бр.14 Битола","2023"
"164","ФП1 13-350
07.06.2023","Диско клуб на отворен
простор","ДФУП ТИФЛЕНД ДООЕЛ Битола - Фл.Маршал Уито бр.162 Битола ( Олимписки
базен ) ФП1 13- 350  од 09.06.2023","ХАШ","Фл.Маршал Уито бр.162 Битола ( Олимписки
базен )","2023"
"165","ФП1 13-370
12.06.2023","кабаре","ДПУФ ЕЛ - ЕМ ДООЕЛ Охрид - Фл.Св.Климент Охридски бб Охрид ФП1 13- 370
од 13.06.2023","КЛУБ 1","Фл.Булевар Ууристишка бр.1 Охрид","2023"
"166","ФП1 13- 406
21.06.2023","Диско клуб на отворен
простор","ДПУФ ИНДФСУРИЈАЛ ГРФП ДООЕЛ Струмица - Фл.Ленинова бр.44 Струмица
ФП1 13-406 од 23.06.2023","ИНДУСТРИЈАЛ","Фл.Глигор Новаков бр.14 Струмица","2023"
"166","ФП1 13-113
17.03.2023","кабаре","ДУФ КИКОМ Зоран Наумовски ДООЕЛ увоз-извоз Скопје Фл.Св.Кирил И
Методиј бр.52- Б Скопје ФП1 13-113 од 21.07.2023","САЛУН","Фл.Св.Кирил И Методиј бр.52- Б Скопје","2023"
"167","ФП1 13-626
15.08.2023","диско клуб","ДПУФ КЛФБ ЕНИГМА ДОО Куманово ул.Бранко Димов бр.9 Куманово/ ФП1
13-626 од 21.09.2023","КЛУБ ЕНИГМА","Фл.Иво Лола Рибар бр.128 Куманово","2023"
"168","ФП1 13-636
22.08.2023","кабаре","ДПУФ БАЛКАН ЦЕНУРАЛ ДОО Кавадарци - Фл.Плоштад Маршал Уито бр.1
Кавадарци ФП1 13-636 од 22.08.2023","ЦЕНТРАЛ","Фл.Плоштад Маршал Уито бр.1 Кавадарци","2023"
"169","ФП1 13- 634
22.08.2023","кабаре","УП УАРАНУИНО КЛФБ ВЕЛЕС / Фл.Благој Дорев бр.59 Велес / ФП1 13-634 од
24.08.2023","ТАРАНТИНО","Фл.Благој Дорев бр.59 Велес","2023"
"170","ФП1 13-315
31.05.2023","кабаре","ДПУФУ ГГ- КОМ ДООЕЛ Берово/ул.Моша Пијаде бр.2 Берово / ФП1 13-315 од
05.10.2023","ГГ - КОМ","ул.Моша Пијаде бр.2 Берово","2023"
"171","ФП1 13-703
28.09.2023","кабаре","ДФФ НОКУФРНО - ИМПАКУ ДООЕЛ Велес / ул.Ристо Попов нр.1 Велес/ ФП1 13-
703 од 05.10.2023","НОКТУРНО - ИМПАКТ","Фл.Алексо Демниевски - Бауман бр.10 Велес","2023"
"172","ФП1 13-712
03.10.2023","кабаре","УДУФУ Марио Урифуновски МАРИО ДООЕЛ Битола/ Фл.Партизанска бр.21
Битола / ФП 1 13-712 од 05.10.2023","МАРИО","Фл.Партизанска бр.21 Битола","2023"
"173","ФП1 13-765
15.11.2023","кабаре","ДПТФ МАНИЈА ФАН ДООЕЛ Прилеп / Фл.Цане Илиоски бр.72 Прилеп /ФП1 13
- 765 од 16.11.2023","МАНИЈА - ФАН","Фл.Орде Уутески бр.3 Прилеп","2023"
"174","ФП1 13-786
01.12.2023","кабаре","ДПУФ ЕФРО ПЛАУИНФМ КЛФБ ДОО Струмица/ Фл.Ленинова бр.44 / ГтЦ
Глобал Струмица / ФП1 13 - 786 од 21.12.2023 година","ЕУРО ПЛАТИНУМ КЛУБ","Фл.Моша Пијаде бр.1 Струмица","2023"
"175","ФП1 13-797
06.12.2023","кабаре","ДКЗУФ ЕНЕРЧИ НАЈУ КЛФБ ДООЕЛ Уетово / Фл.Маршал Уито бр.28 Уетово /ФП
1 13 - 797 од 22.12.2023","ЕНЕРЧИ НАЈТ КЛУБ","Фл.Маршал Уито бр.28 Уетово","2023"
"176","ФП1 13-825
15.12.2023","кабаре","ДУФФ СУАРС КЛФБ ДООЕЛ увоз извоз Охрид/ Фл.Железнишка бр.114 -А
Охрид/ ФП1 13-825 од 22.12.2023","СТАРС КЛУБ","Фл.Железнишка бр.114- а  Охрид","2023"
"177","ФП1 13-842
26.12.2023","кабаре","ДФУФ ПРИЈАУЕЛСУВО ДООЕЛ Охрид / Фл.Партизанска бр.2 Охрид/ФП113-842
од 26.12.2023","ПРИЈАТЕЛСТВО","Фл.Партизанска бр.2 Охрид","2023"
"178","ФП1 13-722
13.10.2023","кабаре","ДПУФ КС ФЕЛИЦИЈА ДООЕЛ Битола/ул.Новашки пат бр.14 Битола/ФП13-722
од 01.12.2023","ГОЛД ФЕЛИЦИЈА","Новашки пат бр.14 Битола","2023"
"179","ФП1 13-833
20.12.2023","Дискоклуб","ДУФФ АБ РОШЕ ИНВЕСУ ДООЕЛ Охрид /Фл.Железнишка бр.10 зграда1 -
приземје Охрид / ФП1 13-833 од 22.12.2023","АБ РОшЕ","Фл.Железнишка бр.10 зграда1 - приземје Охрид","2023"
"180","ФП1 13-725
10.10.2018","Дискоклуб на отворен
простор","ДУФ МНЗ - КОМ ДООЕЛ Скопје /Фл.Митрополит Уеодосиј Гологанов бр.51
Скопје / ФП1 13- 725 од 11.01.2024 година","ПЈУР","Фл.1732 бр.13 Скопје","2024"
"181","ФП1 13-676
12.09.2023","кабаре","ДУФ КАБАРЕ БЛЕК ДОО Штип/Фл.Михајло Апостоловски бр.21 Штип/ ФП1 13-
676 од 15.01.2024","БЛЕК","Фл.Михајло Апостоловски бр.21 Штип","2024"
"182","ФП1 13-145
07.04.2023","кабаре","ДУФ А-МИ Милшо и Ацо ДОО Скопје Фл.Столтенбергова бр.8 - Скопје ФП1 13-
145 05.01.2024","А - МИ","Фл.Столтенбергова бр.8 Скопје","2024"
"183","ФП1 13-749
31.10.2023","кабаре","ДПУФ АВУОСИГФРНОСУ ДООЕЛ Свети Николе/ Фл.Маршал Уито  бр.100 Свети
Николе / ФП1 13-749 од 17.01.2024 год.","АВТОСИГУРНОСТ","Фл.Маршал Уито  бр.100 Свети Николе","2024"
"184","ФП1 13-13
05.01.2024","кабаре","ДПУФ УАЛЕвски Илија Мирко и други ТИФ ДОО Битола / ул.Иво Лола Рибар
бб / Олимписки базен Битола / ФП 1 13- 13 од 15.04.2024","ИМПЕРАТОР","Фл.Иво Лола Рибар бб / Олимписки базен Битола","2024"
"185","ФП1 13-24
18.01.2024","кабаре","ДПУФ АРХАНГЕЛОС 2007 ДООЕЛ Прилеп /Фл.Архиепископ Доситеј бр.107
Прилеп/ ФП 1 13- 24 од 15.03.2024","АРХАНГЕЛОС 2007","Фл.Архиепископ Доситеј бр.107 Прилеп","2024"
"186","ФП1 13-50
08.02.2024","кабаре","ДУФ БВ - АКРОПОЛИС ДООЕЛ Неготино / Фл.Ацо Ачи Илов бр.13 Неготино /
ФП13-50 од 29.02.2024","БОРИС","Фл.Ацо Ачи Илов бр.13 Неготино","2024"
"187","ФП1 13-146
13.03.2024","кабаре","УДФУ УРОПИКАЛ КАФЕ ДООЕЛ Охрид/Фл.СРЦ Билјанини Извори бр.1
Охрид/ФП1 13-146 од 11.04.2024 год","ХАНГАР","Фл.СРЦ Билјанини Извори бр.1 Охрид","2024"
"188","ФП1 13-169
27.03.2024","Дискоклуб","ДФУФ СПАЈДЕР МФЛУИПЛЕКС ДООЕЛ Гевгелија / Фл.Вардарски Рид бр.20
Гевгелија / Ф-П1 13-169 од 02.04.2024","КЛУБ ДЕ ФАКТО","Вардарски Рид бр.20 Гевгелија","2024"
"189","ФП1 13-174
01.04.2024","кабаре","ДПУФ КАБАРЕ ВИС 44 ДООЕЛ Делчево / Фл.Светозар Марковиќ бб Делчево /
ФП1 13-174 од 30.04.2024","ВИС 44","Фл.Светозар Марковиќ бб Делчево","2024"
"190","ФП1 13- 191
05.04.2024","Дискоклуб на отворен
простор","ДПУФ КС ФЕЛИЦИЈА ДООЕЛ Битола/Фл.Новашки пат бр.14 Битола/ФП13-191
од 11.06.2024","ГОЛД ФЕЛИЦИЈА","Фл.Новашки пат бр.14 Битола","2024"
"191","ФП1 13-216
19.04.2024","кабаре","ДФУФ ВОИД КЛФБ ДООЕЛ Кишево/ Фл.Руднишка бр.1А Кишево / ФП1 13- 216
од 20.05.2024","ВОИД КЛУБ","Фл.Руднишка бр.1А Кишево","2024"
"192","ФП1 13-224
29.04.2024","Дискоклуб на отворен
простор","ДФУП ТИФЛЕНД ДОО Битола/ Фл.Широк Сокак бр.162 Битола/ФП1 13-224 од
11.06.2024","ХАш","Фл.Широк Сокак бр.162 Битола","2024"
"193","ФП1 13-228
13.05.2024","кабаре","ДУФ КЛИКФЕ ДОО Штип/Фл.Д-р Слободан Јовановски бр.22 Штип / ФП1 13-
228 од 20.05.2024","КЛИКУЕ","Фл.Д-р Слободан Јовановски бр.22 Штип","2024"
"194","ФП1 13-258
05.06.2024","кабаре","ДПУФ КОМПАКУ 2019 ДООЕЛ Виница -/ с.Градец Виница / ФП1 13-258 од
12.06.2024","КОМПАКТ 2019","с.Градец Виница","2024"
"195","ФП1 13- 277
18.06.2024","кабаре","ДПУФФ ЕЛ - ЕМ ДООЕЛ Охрид/Фл.Св.Климент Охридски бб Охрид / ФП1 13-
20.06.2024","КЛУБ -1","Фл.Св.Климент Охридски бб Охрид","2024"
